{
    "Default_Rainbow": {
        "type": "linear",
        "cdict": [
            [
                0.453145,
                0.074218,
                1.0
            ],
            [
                0.242188,
                0.394531,
                0.976563
            ],
            [
                0.128906,
                0.832032,
                0.878906
            ],
            [
                0.550781,
                0.992188,
                0.675781
            ],
            [
                0.972656,
                0.730469,
                0.398438
            ],
            [
                1.0,
                0.160784,
                0.078125
            ]
        ],
        "N": 150
    },
    "Default_Gauss": {
        "type": "gauss",
        "cdict": {
            "2sigma": {
                "clim": [
                    0.9,
                    0.7
                ],
                "code": [
                    "#dafdfe",
                    "#01e7e7"
                ],
                "N": 40
            },
            "1sigma": {
                "clim": [
                    0.7,
                    0.505
                ],
                "code": [
                    "#3a49f0",
                    "#642de5",
                    "#d136ed"
                ],
                "N": 38
            },
            "center": {
                "clim": [
                    0.505,
                    0.495
                ],
                "code": [
                    "#f90653",
                    "#ff0095",
                    "#f90653"
                ],
                "N": 4
            },
            "-1sigma": {
                "clim": [
                    0.49,
                    0.3
                ],
                "code": [
                    "#F65509",
                    "#de8d2a",
                    "#eeff00"
                ],
                "N": 38
            },
            "-2sigma": {
                "clim": [
                    0.3,
                    0.1
                ],
                "code": [
                    "#19f319",
                    "#e9ffe7"
                ],
                "N": 40
            }
        }
    }
}