{"z": 0.04003040989885004, "Time": 0.9639120235337363}