{"z": 89.44573638583269, "Time": 0.18490937203932312}