{"Z": -0.0651939187967676, "Time": 0.5144169992532206}